name,iso_a3,currency_code,local_price,dollar_ex,GDP_dollar,date
Argentina,ARG,ARS,2.5,1,,4/1/00
Australia,AUS,AUD,2.59,1.68,,4/1/00
Brazil,BRA,BRL,2.95,1.79,,4/1/00
Britain,GBR,GBP,1.9,0.632911392,,4/1/00
Canada,CAN,CAD,2.85,1.47,,4/1/00
Chile,CHL,CLP,1260,514,,4/1/00
China,CHN,CNY,9.9,8.28,,4/1/00
Czech Republic,CZE,CZK,54.37,39.1,,4/1/00
Denmark,DNK,DKK,24.75,8.04,,4/1/00
Euro area,EUZ,EUR,2.56,1.075268817,,4/1/00
Hong Kong,HKG,HKD,10.2,7.79,,4/1/00
Hungary,HUN,HUF,339,279,,4/1/00
Indonesia,IDN,IDR,14500,7945,,4/1/00
Israel,ISR,ILS,14.5,4.05,,4/1/00
Japan,JPN,JPY,294,106,,4/1/00
Malaysia,MYS,MYR,4.52,3.8,,4/1/00
Mexico,MEX,MXN,20.9,9.41,,4/1/00
New Zealand,NZL,NZD,3.4,2.01,,4/1/00
Poland,POL,PLN,5.5,4.3,,4/1/00
Russia,RUS,RUB,39.5,28.5,,4/1/00
Singapore,SGP,SGD,3.2,1.7,,4/1/00
South Africa,ZAF,ZAR,9,6.72,,4/1/00
South Korea,KOR,KRW,3000,1108,,4/1/00
Sweden,SWE,SEK,24,8.84,,4/1/00
Switzerland,CHE,CHF,5.9,1.7,,4/1/00
Taiwan,TWN,TWD,70,30.6,,4/1/00
Thailand,THA,THB,55,38,,4/1/00
United States,USA,USD,2.51,1,,4/1/00
Argentina,ARG,ARS,2.5,1,,4/1/01
Australia,AUS,AUD,3,1.98,,4/1/01
Brazil,BRA,BRL,3.6,2.19,,4/1/01
Britain,GBR,GBP,1.99,0.699300699,,4/1/01
Canada,CAN,CAD,3.33,1.56,,4/1/01
Chile,CHL,CLP,1260,601,,4/1/01
China,CHN,CNY,9.9,8.28,,4/1/01
Czech Republic,CZE,CZK,56,39,,4/1/01
Denmark,DNK,DKK,24.75,8.46,,4/1/01
Euro area,EUZ,EUR,2.57,1.136363636,,4/1/01
Hong Kong,HKG,HKD,10.7,7.8,,4/1/01
Hungary,HUN,HUF,399,303,,4/1/01
Indonesia,IDN,IDR,14700,10855,,4/1/01
Japan,JPN,JPY,294,124,,4/1/01
Malaysia,MYS,MYR,4.52,3.8,,4/1/01
Mexico,MEX,MXN,21.9,9.29,,4/1/01
New Zealand,NZL,NZD,3.6,2.47,,4/1/01
Philippines,PHL,PHP,59,50.3,,4/1/01
Poland,POL,PLN,5.9,4.03,,4/1/01
Russia,RUS,RUB,35,28.9,,4/1/01
Singapore,SGP,SGD,3.3,1.81,,4/1/01
South Africa,ZAF,ZAR,9.7,8.13,,4/1/01
South Korea,KOR,KRW,3000,1325,,4/1/01
Sweden,SWE,SEK,24,10.28,,4/1/01
Switzerland,CHE,CHF,6.3,1.73,,4/1/01
Taiwan,TWN,TWD,70,32.9,,4/1/01
Thailand,THA,THB,55,45.5,,4/1/01
United States,USA,USD,2.54,1,,4/1/01
Argentina,ARG,ARS,2.5,3.13,,4/1/02
Australia,AUS,AUD,3,1.86,,4/1/02
Brazil,BRA,BRL,3.6,2.34,,4/1/02
Britain,GBR,GBP,1.99,0.689655172,,4/1/02
Canada,CAN,CAD,3.33,1.57,,4/1/02
Chile,CHL,CLP,1400,655,,4/1/02
China,CHN,CNY,10.5,8.28,,4/1/02
Czech Republic,CZE,CZK,56.28,34,,4/1/02
Denmark,DNK,DKK,24.75,8.38,,4/1/02
Euro area,EUZ,EUR,2.67,1.123595506,,4/1/02
Hong Kong,HKG,HKD,11.2,8,,4/1/02
Hungary,HUN,HUF,459,272,,4/1/02
Indonesia,IDN,IDR,16000,9430,,4/1/02
Israel,ISR,ILS,12,4.79,,4/1/02
Japan,JPN,JPY,262,130,,4/1/02
Malaysia,MYS,MYR,5.04,3.8,,4/1/02
Mexico,MEX,MXN,21.9,9.28,,4/1/02
New Zealand,NZL,NZD,3.6,2.24,,4/1/02
Norway,NOR,NOK,35,8.56,,4/1/02
Peru,PER,PEN,8.5,3.43,,4/1/02
Philippines,PHL,PHP,65,51,,4/1/02
Poland,POL,PLN,5.9,4.04,,4/1/02
Russia,RUS,RUB,39,31.2,,4/1/02
Singapore,SGP,SGD,3.3,1.82,,4/1/02
South Africa,ZAF,ZAR,9.7,10.9,,4/1/02
South Korea,KOR,KRW,3100,1304,,4/1/02
Sweden,SWE,SEK,26,10.4,,4/1/02
Switzerland,CHE,CHF,6.3,1.66,,4/1/02
Taiwan,TWN,TWD,70,34.8,,4/1/02
Thailand,THA,THB,55,43.3,,4/1/02
Turkey,TUR,TRY,4.00E+06,1324500,,4/1/02
United States,USA,USD,2.49,1,,4/1/02
Venezuela,VEN,VEF,2500,857,,4/1/02
Argentina,ARG,ARS,4.1,2.88,,4/1/03
Australia,AUS,AUD,3,1.61,,4/1/03
Brazil,BRA,BRL,4.55,3.07,,4/1/03
Britain,GBR,GBP,1.99,0.632911392,,4/1/03
Canada,CAN,CAD,3.2,1.45,,4/1/03
Chile,CHL,CLP,1400,716,,4/1/03
China,CHN,CNY,9.9,8.28,,4/1/03
Czech Republic,CZE,CZK,56.57,28.9,,4/1/03
Denmark,DNK,DKK,27.75,6.78,,4/1/03
Egypt,EGY,EGP,8,5.92,,4/1/03
Euro area,EUZ,EUR,2.71,0.909090909,,4/1/03
Hong Kong,HKG,HKD,11.5,7.8,,4/1/03
Hungary,HUN,HUF,490,224,,4/1/03
Indonesia,IDN,IDR,16100,8740,,4/1/03
Japan,JPN,JPY,262,120,,4/1/03
Malaysia,MYS,MYR,5.04,3.8,,4/1/03
Mexico,MEX,MXN,23,10.53,,4/1/03
New Zealand,NZL,NZD,3.95,1.78,,4/1/03
Peru,PER,PEN,7.9,3.46,,4/1/03
Philippines,PHL,PHP,65,52.5,,4/1/03
Poland,POL,PLN,6.3,3.89,,4/1/03
Russia,RUS,RUB,41,31.1,,4/1/03
Singapore,SGP,SGD,3.3,1.78,,4/1/03
South Africa,ZAF,ZAR,13.95,7.56,,4/1/03
South Korea,KOR,KRW,3300,1220,,4/1/03
Sweden,SWE,SEK,30,8.34,,4/1/03
Switzerland,CHE,CHF,6.3,1.37,,4/1/03
Taiwan,TWN,TWD,70,34.8,,4/1/03
Thailand,THA,THB,59,42.7,,4/1/03
Turkey,TUR,TRY,3750000,1600500,,4/1/03
United States,USA,USD,2.71,1,,4/1/03
Venezuela,VEN,VEF,3700,1598,,4/1/03
Argentina,ARG,ARS,4.36,2.95,,5/1/04
Australia,AUS,AUD,3.25,1.43,,5/1/04
Brazil,BRA,BRL,5.4,3.18,,5/1/04
Britain,GBR,GBP,1.88,0.558659218,,5/1/04
Canada,CAN,CAD,3.19,1.37,,5/1/04
Chile,CHL,CLP,1400,641,,5/1/04
China,CHN,CNY,10.4,8.28,,5/1/04
Colombia,COL,COP,6500,2769.83,,5/1/04
Costa Rica,CRI,CRC,1130,433.55,,5/1/04
Czech Republic,CZE,CZK,56.42,26.5,,5/1/04
Denmark,DNK,DKK,27.75,6.22,,5/1/04
Egypt,EGY,EGP,10,6.19,,5/1/04
Euro area,EUZ,EUR,2.74,0.833333333,,5/1/04
Hong Kong,HKG,HKD,12,7.79,,5/1/04
Hungary,HUN,HUF,530,211,,5/1/04
Indonesia,IDN,IDR,16100,9120,,5/1/04
Japan,JPN,JPY,262,113,,5/1/04
Malaysia,MYS,MYR,5.04,3.8,,5/1/04
Mexico,MEX,MXN,24,11.6,,5/1/04
New Zealand,NZL,NZD,4.35,1.64,,5/1/04
Norway,NOR,NOK,35.5,6.8491,,5/1/04
Pakistan,PAK,PKR,110,57.76,,5/1/04
Peru,PER,PEN,8.99,3.49,,5/1/04
Philippines,PHL,PHP,69,55.9,,5/1/04
Poland,POL,PLN,6.3,3.87,,5/1/04
Russia,RUS,RUB,42,29,,5/1/04
Saudi Arabia,SAU,SAR,2.4,3.7502,,5/1/04
Singapore,SGP,SGD,3.3,1.71,,5/1/04
South Africa,ZAF,ZAR,12.4,6.66,,5/1/04
South Korea,KOR,KRW,3200,1177,,5/1/04
Sri Lanka,LKA,LKR,140,99,,5/1/04
Sweden,SWE,SEK,30,7.61,,5/1/04
Switzerland,CHE,CHF,6.3,1.29,,5/1/04
Taiwan,TWN,TWD,75,33.4,,5/1/04
Thailand,THA,THB,59,40.8,,5/1/04
Turkey,TUR,TRY,3950000,1531000,,5/1/04
Ukraine,UKR,UAH,7.25,5.3315,,5/1/04
United States,USA,USD,2.9,1,,5/1/04
Uruguay,URY,UYU,29.8,29.735,,5/1/04
Venezuela,VEN,VEF,4400,2977,,5/1/04
Argentina,ARG,ARS,4.75,2.897,,6/1/05
Australia,AUS,AUD,3.25,1.3015,,6/1/05
Brazil,BRA,BRL,5.9,2.4648,,6/1/05
Britain,GBR,GBP,1.88,0.546448087,,6/1/05
Canada,CAN,CAD,3.28,1.2494,,6/1/05
Chile,CHL,CLP,1500,592.45,,6/1/05
China,CHN,CNY,10.5,8.2764,,6/1/05
Colombia,COL,COP,6500,2327.7,,6/1/05
Costa Rica,CRI,CRC,1130,475.3,,6/1/05
Czech Republic,CZE,CZK,56.42,24.5409,,6/1/05
Denmark,DNK,DKK,27.75,6.0647,,6/1/05
Egypt,EGY,EGP,9,5.8,,6/1/05
Euro area,EUZ,EUR,2.92,0.814929509,,6/1/05
Hong Kong,HKG,HKD,12,7.7807,,6/1/05
Hungary,HUN,HUF,530,203.643,,6/1/05
Indonesia,IDN,IDR,14600,9545,,6/1/05
Japan,JPN,JPY,250,106.715,,6/1/05
Malaysia,MYS,MYR,5.25,3.8,,6/1/05
Mexico,MEX,MXN,28,10.8675,,6/1/05
New Zealand,NZL,NZD,4.45,1.4023,,6/1/05
Norway,NOR,NOK,39,6.4326,,6/1/05
Pakistan,PAK,PKR,130,59.62,,6/1/05
Peru,PER,PEN,8.99,3.2546,,6/1/05
Philippines,PHL,PHP,80,54.55,,6/1/05
Poland,POL,PLN,6.5,3.3096,,6/1/05
Russia,RUS,RUB,42,28.4055,,6/1/05
Saudi Arabia,SAU,SAR,9,3.7501,,6/1/05
Singapore,SGP,SGD,3.6,1.6607,,6/1/05
South Africa,ZAF,ZAR,13.95,6.6482,,6/1/05
South Korea,KOR,KRW,2500,1005.5,,6/1/05
Sri Lanka,LKA,LKR,175,99.945,,6/1/05
Sweden,SWE,SEK,31,7.4402,,6/1/05
Switzerland,CHE,CHF,6.3,1.2475,,6/1/05
Taiwan,TWN,TWD,75,31.175,,6/1/05
Thailand,THA,THB,60,40.53,,6/1/05
Turkey,TUR,TRY,4,1.369,,6/1/05
UAE,ARE,AED,9,3.6725,,6/1/05
Ukraine,UKR,UAH,7.25,5.06,,6/1/05
United States,USA,USD,3.06,1,,6/1/05
Uruguay,URY,UYU,44,24.125,,6/1/05
Venezuela,VEN,VEF,5600,2629.62,,6/1/05
Argentina,ARG,ARS,4.75,3.0638,,1/1/06
Australia,AUS,AUD,3.25,1.3308,,1/1/06
Brazil,BRA,BRL,6.2,2.2615,,1/1/06
Britain,GBR,GBP,1.88,0.566925563,,1/1/06
Canada,CAN,CAD,3.52,1.1704,,1/1/06
Chile,CHL,CLP,1560,522.75,,1/1/06
China,CHN,CNY,10.5,8.0641,,1/1/06
Czech Republic,CZE,CZK,62,23.8375,,1/1/06
Denmark,DNK,DKK,27.75,6.1769,,1/1/06
Egypt,EGY,EGP,9.25,5.74,,1/1/06
Euro area,EUZ,EUR,2.91,0.82815735,,1/1/06
Hong Kong,HKG,HKD,12,7.7512,,1/1/06
Hungary,HUN,HUF,560,206.956,,1/1/06
Indonesia,IDN,IDR,14600,9460,,1/1/06
Japan,JPN,JPY,250,114.305,,1/1/06
Malaysia,MYS,MYR,5.5,3.7488,,1/1/06
Mexico,MEX,MXN,28,10.5425,,1/1/06
New Zealand,NZL,NZD,4.45,1.4467,,1/1/06
Peru,PER,PEN,9.5,3.446,,1/1/06
Philippines,PHL,PHP,82,52.58,,1/1/06
Poland,POL,PLN,6.5,3.1151,,1/1/06
Russia,RUS,RUB,46,28.67,,1/1/06
Singapore,SGP,SGD,3.6,1.6353,,1/1/06
South Africa,ZAF,ZAR,13.95,6.0803,,1/1/06
South Korea,KOR,KRW,2500,977.45,,1/1/06
Sweden,SWE,SEK,33,7.7119,,1/1/06
Switzerland,CHE,CHF,6.3,1.2776,,1/1/06
Taiwan,TWN,TWD,75,31.9495,,1/1/06
Thailand,THA,THB,60,39.755,,1/1/06
Turkey,TUR,TRY,4.1,1.3365,,1/1/06
United States,USA,USD,3.15,1,,1/1/06
Venezuela,VEN,VEF,5900,2615.92,,1/1/06
Argentina,ARG,ARS,7,3.0565,,5/1/06
Australia,AUS,AUD,3.25,1.33253,,5/1/06
Brazil,BRA,BRL,6.4,2.3045,,5/1/06
Britain,GBR,GBP,1.94,0.531801744,,5/1/06
Canada,CAN,CAD,3.52,1.12045,,5/1/06
Chile,CHL,CLP,1560,529.95,,5/1/06
China,CHN,CNY,10.5,8.026,,5/1/06
Colombia,COL,COP,6500,2503.6,,5/1/06
Costa Rica,CRI,CRC,1130,509.535,,5/1/06
Czech Republic,CZE,CZK,59.05,22.1078,,5/1/06
Denmark,DNK,DKK,27.75,5.81825,,5/1/06
Egypt,EGY,EGP,9.5,5.77075,,5/1/06
Euro area,EUZ,EUR,2.939573529,0.780365992,,5/1/06
Hong Kong,HKG,HKD,12,7.7533,,5/1/06
Hungary,HUN,HUF,560,206.3444,,5/1/06
Indonesia,IDN,IDR,14600,9325,,5/1/06
Japan,JPN,JPY,250,112.105,,5/1/06
Malaysia,MYS,MYR,5.5,3.6295,,5/1/06
Mexico,MEX,MXN,29,11.3031,,5/1/06
New Zealand,NZL,NZD,4.45,1.62101,,5/1/06
Norway,NOR,NOK,43,6.1023,,5/1/06
Pakistan,PAK,PKR,130,60.055,,5/1/06
Peru,PER,PEN,9.5,3.261,,5/1/06
Philippines,PHL,PHP,85,52.625,,5/1/06
Poland,POL,PLN,6.5,3.09915,,5/1/06
Russia,RUS,RUB,48,27.06375,,5/1/06
Saudi Arabia,SAU,SAR,9,3.749,,5/1/06
Singapore,SGP,SGD,3.6,1.5873,,5/1/06
South Africa,ZAF,ZAR,13.95,6.597,,5/1/06
South Korea,KOR,KRW,2500,952.4,,5/1/06
Sri Lanka,LKA,LKR,190,102.955,,5/1/06
Sweden,SWE,SEK,33,7.28455,,5/1/06
Switzerland,CHE,CHF,6.3,1.20885,,5/1/06
Taiwan,TWN,TWD,75,32.141,,5/1/06
Thailand,THA,THB,60,38.445,,5/1/06
Turkey,TUR,TRY,4.2,1.5415,,5/1/06
UAE,ARE,AED,9,3.6726,,5/1/06
Ukraine,UKR,UAH,8.5,5.05,,5/1/06
United States,USA,USD,3.1,1,,5/1/06
Uruguay,URY,UYU,42.28,23.925,,5/1/06
Venezuela,VEN,VEF,5701.25,2519.58,,5/1/06
Argentina,ARG,ARS,8.25,3.08875,,1/1/07
Australia,AUS,AUD,3.45,1.266865,,1/1/07
Brazil,BRA,BRL,6.4,2.1335,,1/1/07
Britain,GBR,GBP,1.94,0.506034461,,1/1/07
Canada,CAN,CAD,3.63,1.17485,,1/1/07
Chile,CHL,CLP,1670,540.15,,1/1/07
China,CHN,CNY,11,7.7743,,1/1/07
Colombia,COL,COP,6900,2239.325,,1/1/07
Costa Rica,CRI,CRC,1130,509.535,,1/1/07
Czech Republic,CZE,CZK,52.1,21.50115,,1/1/07
Denmark,DNK,DKK,27.75,5.75305,,1/1/07
Egypt,EGY,EGP,9.09,5.7,,1/1/07
Euro area,EUZ,EUR,2.94,0.771813376,,1/1/07
Hong Kong,HKG,HKD,12,7.79845,,1/1/07
Hungary,HUN,HUF,590,194.4237,,1/1/07
Indonesia,IDN,IDR,15900,9090,,1/1/07
Japan,JPN,JPY,280,121.585,,1/1/07
Malaysia,MYS,MYR,5.5,3.502,,1/1/07
Mexico,MEX,MXN,29,10.8894,,1/1/07
New Zealand,NZL,NZD,4.6,1.42796,,1/1/07
Norway,NOR,NOK,41.5,6.1023,,1/1/07
Pakistan,PAK,PKR,140,60.055,,1/1/07
Peru,PER,PEN,9.5,3.1895,,1/1/07
Philippines,PHL,PHP,85,49.05,,1/1/07
Poland,POL,PLN,6.9,2.97175,,1/1/07
Russia,RUS,RUB,49,26.5335,,1/1/07
Saudi Arabia,SAU,SAR,9,3.749,,1/1/07
Singapore,SGP,SGD,3.6,1.53795,,1/1/07
South Africa,ZAF,ZAR,15.5,7.10975,,1/1/07
South Korea,KOR,KRW,2900,940.15,,1/1/07
Sri Lanka,LKA,LKR,190,102.955,,1/1/07
Sweden,SWE,SEK,32,7.04125,,1/1/07
Switzerland,CHE,CHF,6.3,1.2485,,1/1/07
Taiwan,TWN,TWD,75,32.9255,,1/1/07
Thailand,THA,THB,62,35.3,,1/1/07
Turkey,TUR,TRY,4.55,1.40975,,1/1/07
UAE,ARE,AED,10,3.6726,,1/1/07
Ukraine,UKR,UAH,9,5.05,,1/1/07
United States,USA,USD,3.22,1,,1/1/07
Uruguay,URY,UYU,55,23.925,,1/1/07
Venezuela,VEN,VEF,6800,4125.278,,1/1/07
Argentina,ARG,ARS,8.25,3.0915,,6/1/07
Australia,AUS,AUD,3.45,1.17,,6/1/07
Brazil,BRA,BRL,6.9,1.913,,6/1/07
Britain,GBR,GBP,1.99,0.496610632,,6/1/07
Canada,CAN,CAD,3.88,1.05345,,6/1/07
Chile,CHL,CLP,1565,526.75,,6/1/07
China,CHN,CNY,11,7.6047,,6/1/07
Colombia,COL,COP,6900,1956,,6/1/07
Costa Rica,CRI,CRC,1130,518.625,,6/1/07
Czech Republic,CZE,CZK,52.9,21.11675,,6/1/07
Denmark,DNK,DKK,27.75,5.4603,,6/1/07
Egypt,EGY,EGP,9.54,5.69025,,6/1/07
Euro area,EUZ,EUR,3.057482443,0.733756466,,6/1/07
Hong Kong,HKG,HKD,12,7.81555,,6/1/07
Hungary,HUN,HUF,600,180.2106,,6/1/07
Indonesia,IDN,IDR,15900,9015,,6/1/07
Japan,JPN,JPY,280,122.315,,6/1/07
Malaysia,MYS,MYR,5.5,3.4345,,6/1/07
Mexico,MEX,MXN,29,10.76755,,6/1/07
New Zealand,NZL,NZD,4.6,1.2797,,6/1/07
Norway,NOR,NOK,40,5.8139,,6/1/07
Pakistan,PAK,PKR,140,60.37,,6/1/07
Peru,PER,PEN,9.5,3.167,,6/1/07
Philippines,PHL,PHP,85,45.8975,,6/1/07
Poland,POL,PLN,6.9,2.75185,,6/1/07
Russia,RUS,RUB,52,25.64825,,6/1/07
Saudi Arabia,SAU,SAR,9,3.75045,,6/1/07
Singapore,SGP,SGD,3.95,1.52375,,6/1/07
South Africa,ZAF,ZAR,15.5,6.971,,6/1/07
South Korea,KOR,KRW,2900,922.5,,6/1/07
Sri Lanka,LKA,LKR,210,111.4,,6/1/07
Sweden,SWE,SEK,33,6.79165,,6/1/07
Switzerland,CHE,CHF,6.3,1.2112,,6/1/07
Taiwan,TWN,TWD,75,32.7705,,6/1/07
Thailand,THA,THB,62,34.455,,6/1/07
Turkey,TUR,TRY,4.75,1.2981,,6/1/07
UAE,ARE,AED,10,3.67285,,6/1/07
Ukraine,UKR,UAH,9.25,5.0275,,6/1/07
United States,USA,USD,3.41,1,,6/1/07
Uruguay,URY,UYU,62,23.945,,6/1/07
Venezuela,VEN,VEF,7400,2147.3,,6/1/07
Argentina,ARG,ARS,11,3.0195,,6/1/08
Australia,AUS,AUD,3.45,1.026,,6/1/08
Brazil,BRA,BRL,7.5,1.5846,,6/1/08
Britain,GBR,GBP,2.29,0.501039657,,6/1/08
Canada,CAN,CAD,4.09,1.00355,,6/1/08
Chile,CHL,CLP,1550,494.65,,6/1/08
China,CHN,CNY,12.5,6.834,,6/1/08
Colombia,COL,COP,7000,1798.65,,6/1/08
Costa Rica,CRI,CRC,1800,551.02,,6/1/08
Czech Republic,CZE,CZK,66.08,14.49795,,6/1/08
Denmark,DNK,DKK,28,4.7044,,6/1/08
Egypt,EGY,EGP,13,5.3125,,6/1/08
Euro area,EUZ,EUR,3.36856,0.630497147,,6/1/08
Hong Kong,HKG,HKD,13.3,7.7974,,6/1/08
Hungary,HUN,HUF,670,144.2578,,6/1/08
Indonesia,IDN,IDR,18700,9152,,6/1/08
Japan,JPN,JPY,280,106.855,,6/1/08
Malaysia,MYS,MYR,5.5,3.238,,6/1/08
Mexico,MEX,MXN,32,10.1685,,6/1/08
New Zealand,NZL,NZD,4.9,1.3177,,6/1/08
Norway,NOR,NOK,40,5.07915,,6/1/08
Pakistan,PAK,PKR,140,70.9,,6/1/08
Peru,PER,PEN,9.5,2.84,,6/1/08
Philippines,PHL,PHP,87,44.485,,6/1/08
Poland,POL,PLN,7,2.03145,,6/1/08
Russia,RUS,RUB,59,23.2336,,6/1/08
Saudi Arabia,SAU,SAR,10,3.74955,,6/1/08
Singapore,SGP,SGD,3.95,1.35275,,6/1/08
South Africa,ZAF,ZAR,16.95,7.56325,,6/1/08
South Korea,KOR,KRW,3200,1018.05,,6/1/08
Sri Lanka,LKA,LKR,210,107.55,,6/1/08
Sweden,SWE,SEK,38,5.96085,,6/1/08
Switzerland,CHE,CHF,6.5,1.02215,,6/1/08
Taiwan,TWN,TWD,75,30.3625,,6/1/08
Thailand,THA,THB,62,33.36,,6/1/08
Turkey,TUR,TRY,5.15,1.19275,,6/1/08
UAE,ARE,AED,10,3.67285,,6/1/08
Ukraine,UKR,UAH,11,4.6,,6/1/08
United States,USA,USD,3.57,1,,6/1/08
Uruguay,URY,UYU,61,19.15,,6/1/08
Argentina,ARG,ARS,11.5,3.81125,,7/1/09
Australia,AUS,AUD,4.34,1.2869,,7/1/09
Brazil,BRA,BRL,8.03,1.9971,,7/1/09
Britain,GBR,GBP,2.29,0.620886626,,7/1/09
Canada,CAN,CAD,3.89,1.16085,,7/1/09
Chile,CHL,CLP,1750,548.55,,7/1/09
China,CHN,CNY,12.5,6.8327,,7/1/09
Colombia,COL,COP,7000,2095.6,,7/1/09
Costa Rica,CRI,CRC,2000,582.57,,7/1/09
Czech Republic,CZE,CZK,67.92,18.66155,,7/1/09
Denmark,DNK,DKK,29.5,5.3375,,7/1/09
Egypt,EGY,EGP,13,5.58475,,7/1/09
Euro area,EUZ,EUR,3.31,0.716897269,,7/1/09
Hong Kong,HKG,HKD,13.3,7.7505,,7/1/09
Hungary,HUN,HUF,720,199.1577,,7/1/09
Indonesia,IDN,IDR,20900,10200,,7/1/09
Israel,ISR,ILS,15,3.97425,,7/1/09
Japan,JPN,JPY,320,92.565,,7/1/09
Malaysia,MYS,MYR,6.77,3.602,,7/1/09
Mexico,MEX,MXN,33,13.8104,,7/1/09
New Zealand,NZL,NZD,4.9,1.59235,,7/1/09
Norway,NOR,NOK,40,6.50925,,7/1/09
Pakistan,PAK,PKR,190,82.6,,7/1/09
Peru,PER,PEN,8.056,3.0274,,7/1/09
Philippines,PHL,PHP,99.39,48.385,,7/1/09
Poland,POL,PLN,7.6,3.15525,,7/1/09
Russia,RUS,RUB,67,32.7959,,7/1/09
Saudi Arabia,SAU,SAR,11,3.7504,,7/1/09
Singapore,SGP,SGD,4.22,1.4645,,7/1/09
South Africa,ZAF,ZAR,17.95,8.2805,,7/1/09
South Korea,KOR,KRW,3400,1314.5,,7/1/09
Sri Lanka,LKA,LKR,210,114.86,,7/1/09
Sweden,SWE,SEK,39,7.90915,,7/1/09
Switzerland,CHE,CHF,6.5,1.08605,,7/1/09
Taiwan,TWN,TWD,75,33.1755,,7/1/09
Thailand,THA,THB,64.49,34.165,,7/1/09
Turkey,TUR,TRY,5.65,1.55005,,7/1/09
UAE,ARE,AED,10,3.673,,7/1/09
Ukraine,UKR,UAH,14,7.66,,7/1/09
United States,USA,USD,3.57,1,,7/1/09
Uruguay,URY,UYU,61,23.17,,7/1/09
Argentina,ARG,ARS,7,3.7985,,1/1/10
Australia,AUS,AUD,4.35,1.09355,,1/1/10
Brazil,BRA,BRL,8.2,1.7233,,1/1/10
Britain,GBR,GBP,2.29,0.623752495,,1/1/10
Canada,CAN,CAD,4.12,1.0368,,1/1/10
Chile,CHL,CLP,1600,503.1,,1/1/10
China,CHN,CNY,12.5,6.8272,,1/1/10
Colombia,COL,COP,8200,2095.6,,1/1/10
Costa Rica,CRI,CRC,2050,582.57,,1/1/10
Czech Republic,CZE,CZK,67.64,18.21005,,1/1/10
Denmark,DNK,DKK,30.94,5.16195,,1/1/10
Egypt,EGY,EGP,13,5.465,,1/1/10
Euro area,EUZ,EUR,3.36,0.693649638,,1/1/10
Hong Kong,HKG,HKD,14.8,7.75655,,1/1/10
Hungary,HUN,HUF,720,186.6508,,1/1/10
Indonesia,IDN,IDR,20900,9320,,1/1/10
Israel,ISR,ILS,14.9,3.7325,,1/1/10
Japan,JPN,JPY,320,91.54,,1/1/10
Malaysia,MYS,MYR,7.05,3.3875,,1/1/10
Mexico,MEX,MXN,32,12.81375,,1/1/10
New Zealand,NZL,NZD,4.9,1.35685,,1/1/10
Norway,NOR,NOK,40,5.69555,,1/1/10
Pakistan,PAK,PKR,200,82.6,,1/1/10
Peru,PER,PEN,8.056,2.8705,,1/1/10
Philippines,PHL,PHP,101.52,45.92,,1/1/10
Poland,POL,PLN,8.1,2.83565,,1/1/10
Russia,RUS,RUB,70,29.927,,1/1/10
Saudi Arabia,SAU,SAR,10,3.7502,,1/1/10
Singapore,SGP,SGD,4.45,1.39555,,1/1/10
South Africa,ZAF,ZAR,17.95,7.3045,,1/1/10
South Korea,KOR,KRW,3400,1140.5,,1/1/10
Sri Lanka,LKA,LKR,210,114.86,,1/1/10
Sweden,SWE,SEK,39,7.0821,,1/1/10
Switzerland,CHE,CHF,6.5,1.03115,,1/1/10
Taiwan,TWN,TWD,75,31.8425,,1/1/10
Thailand,THA,THB,70,33.135,,1/1/10
Turkey,TUR,TRY,5.65,1.47455,,1/1/10
UAE,ARE,AED,11,3.673,,1/1/10
Ukraine,UKR,UAH,14,7.66,,1/1/10
United States,USA,USD,3.58,1,,1/1/10
Uruguay,URY,UYU,77,23.17,,1/1/10
Argentina,ARG,ARS,14,3.93375,,7/1/10
Australia,AUS,AUD,4.35,1.133722578,,7/1/10
Brazil,BRA,BRL,8.71,1.77495,,7/1/10
Britain,GBR,GBP,2.29,0.657375756,,7/1/10
Canada,CAN,CAD,4.17,1.04235,,7/1/10
Chile,CHL,CLP,1750,523.65,,7/1/10
China,CHN,CNY,13.2,6.7769,,7/1/10
Colombia,COL,COP,8200,1868.45,,7/1/10
Costa Rica,CRI,CRC,2000,522.115,,7/1/10
Czech Republic,CZE,CZK,67.64,19.7476,,7/1/10
Denmark,DNK,DKK,28.5,5.81365,,7/1/10
Egypt,EGY,EGP,13,5.699,,7/1/10
Euro area,EUZ,EUR,3.380031071,0.78015291,,7/1/10
Hong Kong,HKG,HKD,14.8,7.7742,,7/1/10
Hungary,HUN,HUF,740,221.96915,,7/1/10
Indonesia,IDN,IDR,22780,9063,,7/1/10
Israel,ISR,ILS,14.9,3.8619,,7/1/10
Japan,JPN,JPY,320,87.18,,7/1/10
Malaysia,MYS,MYR,7.05,3.2135,,7/1/10
Mexico,MEX,MXN,32,12.782,,7/1/10
New Zealand,NZL,NZD,5,1.39275766,,7/1/10
Norway,NOR,NOK,45,6.24625,,7/1/10
Pakistan,PAK,PKR,210,85.525,,7/1/10
Peru,PER,PEN,10,2.8275,,7/1/10
Philippines,PHL,PHP,102,46.47,,7/1/10
Poland,POL,PLN,8.3,3.1969,,7/1/10
Russia,RUS,RUB,71,30.44325,,7/1/10
Saudi Arabia,SAU,SAR,10,3.75045,,7/1/10
Singapore,SGP,SGD,4.23,1.3742,,7/1/10
South Africa,ZAF,ZAR,18.45,7.5365,,7/1/10
South Korea,KOR,KRW,3400,1204.45,,7/1/10
Sri Lanka,LKA,LKR,210,112.775,,7/1/10
Sweden,SWE,SEK,48.4,7.37355,,7/1/10
Switzerland,CHE,CHF,6.5,1.05085,,7/1/10
Taiwan,TWN,TWD,75,32.1055,,7/1/10
Thailand,THA,THB,70,32.305,,7/1/10
Turkey,TUR,TRY,5.95,1.5293,,7/1/10
UAE,ARE,AED,11,3.67285,,7/1/10
Ukraine,UKR,UAH,14.5,7.899,,7/1/10
United States,USA,USD,3.733333333,1,,7/1/10
Uruguay,URY,UYU,79,21.1,,7/1/10
Argentina,ARG,ARS,20,4.1325,9138.177,7/1/11
Australia,AUS,AUD,4.56,0.922381589,55589.549,7/1/11
Austria,AUT,EUR,3.09,0.697520315,44986.583,7/1/11
Belgium,BEL,EUR,3.75,0.697520315,42630.113,7/1/11
Brazil,BRA,BRL,9.5,1.5416,10816.487,7/1/11
Britain,GBR,GBP,2.39,0.614137444,36119.846,7/1/11
Canada,CAN,CAD,4.73,0.94585,46214.914,7/1/11
Chile,CHL,CLP,1850,462.75,11827.958,7/1/11
China,CHN,CNY,14.65,6.445,4382.136,7/1/11
Colombia,COL,COP,8400,1770.5,6273.372,7/1/11
Costa Rica,CRI,CRC,2050,504.305,,7/1/11
Czech Republic,CZE,CZK,69.32,17.0219,18288.284,7/1/11
Denmark,DNK,DKK,28.5,5.19845,56147.143,7/1/11
Egypt,EGY,EGP,14.09,5.962,2788.829,7/1/11
Estonia,EST,EUR,2.2,0.697520315,14835.96,7/1/11
Euro area,EUZ,EUR,3.437660401,0.697520315,36947,7/1/11
Finland,FIN,EUR,3.75,0.697520315,44488.643,7/1/11
France,FRA,EUR,3.5,0.697520315,41018.597,7/1/11
Germany,DEU,EUR,3.4,0.697520315,40631.243,7/1/11
Greece,GRC,EUR,3.26,0.697520315,27301.544,7/1/11
Hong Kong,HKG,HKD,15.1,7.7918,31590.681,7/1/11
Hungary,HUN,HUF,760,188.0724,12879.296,7/1/11
India,IND,INR,84,44.4,1264.839,7/1/11
Indonesia,IDN,IDR,22534,8523,3015.374,7/1/11
Ireland,IRL,EUR,3.8,0.697520315,45688.759,7/1/11
Israel,ISR,ILS,15.9,3.40335,28685.616,7/1/11
Italy,ITA,EUR,3.5,0.697520315,34058.72,7/1/11
Japan,JPN,JPY,320,78.365,42820.392,7/1/11
Malaysia,MYS,MYR,7.2,2.973,8423.176,7/1/11
Mexico,MEX,MXN,32,11.67075,9565.962,7/1/11
Netherlands,NLD,EUR,3.25,0.697520315,47172.14,7/1/11
New Zealand,NZL,NZD,5.1,1.156069364,32145.233,7/1/11
Norway,NOR,NOK,45,5.41405,84443.634,7/1/11
Pakistan,PAK,PKR,205.13,86.345,1049.749,7/1/11
Peru,PER,PEN,10,2.7375,5171.651,7/1/11
Philippines,PHL,PHP,118,42.41,2007.362,7/1/11
Poland,POL,PLN,8.63,2.7968,12300.126,7/1/11
Portugal,PRT,EUR,2.9,0.697520315,21558.78,7/1/11
Russia,RUS,RUB,75,27.7525,10437.49,7/1/11
Saudi Arabia,SAU,SAR,10,3.7502,16995.78,7/1/11
Singapore,SGP,SGD,4.41,1.20705,43116.689,7/1/11
South Africa,ZAF,ZAR,19.45,6.76885,7157.801,7/1/11
South Korea,KOR,KRW,3700,1056.2,20590.962,7/1/11
Spain,ESP,EUR,3.5,0.697520315,30639.295,7/1/11
Sri Lanka,LKA,LKR,280,109.475,,7/1/11
Sweden,SWE,SEK,48.4,6.3352,48874.608,7/1/11
Switzerland,CHE,CHF,6.5,0.80615,67245.997,7/1/11
Taiwan,TWN,TWD,75,28.834,18457.752,7/1/11
Thailand,THA,THB,70,29.75,4991.525,7/1/11
Turkey,TUR,TRY,6.5,1.72285,10398.685,7/1/11
UAE,ARE,AED,12,3.67305,,7/1/11
Ukraine,UKR,UAH,16.5,7.994,,7/1/11
United States,USA,USD,4.065,1,47283.633,7/1/11
Uruguay,URY,UYU,90,18.45,,7/1/11
Venezuela,VEN,VEF,28,4.29465,,7/1/11
Argentina,ARG,ARS,20,4.3135,9138.177,1/1/12
Australia,AUS,AUD,4.8,0.972337012,55589.549,1/1/12
Austria,AUT,EUR,3.09,0.788239467,44986.583,1/1/12
Belgium,BEL,EUR,3.7,0.788239467,42630.113,1/1/12
Brazil,BRA,BRL,10.25,1.805,10816.487,1/1/12
Britain,GBR,GBP,2.49,0.651253663,36119.846,1/1/12
Canada,CAN,CAD,4.73,1.02095,46214.914,1/1/12
Chile,CHL,CLP,2050,506.05,11827.958,1/1/12
China,CHN,CNY,15.4,6.3155,4382.136,1/1/12
Colombia,COL,COP,8400,1852.15,6273.372,1/1/12
Costa Rica,CRI,CRC,2050,509.54,,1/1/12
Czech Republic,CZE,CZK,70.22,20.36535,18288.284,1/1/12
Denmark,DNK,DKK,31.5,5.86135,56147.143,1/1/12
Egypt,EGY,EGP,15.5,6.037,2788.829,1/1/12
Estonia,EST,EUR,2.04,0.788239467,14835.96,1/1/12
Euro area,EUZ,EUR,3.49245637,0.788239467,36947,1/1/12
Finland,FIN,EUR,3.75,0.788239467,44488.643,1/1/12
France,FRA,EUR,3.6,0.788239467,41018.597,1/1/12
Germany,DEU,EUR,3.53,0.788239467,40631.243,1/1/12
Greece,GRC,EUR,3.3,0.788239467,27301.544,1/1/12
Hong Kong,HKG,HKD,16.5,7.76735,31590.681,1/1/12
Hungary,HUN,HUF,645,245.69425,12879.296,1/1/12
India,IND,INR,84,51.905,1264.839,1/1/12
Indonesia,IDN,IDR,22534,9160,3015.374,1/1/12
Ireland,IRL,EUR,3.8,0.788239467,45688.759,1/1/12
Israel,ISR,ILS,15.9,3.8485,28685.616,1/1/12
Italy,ITA,EUR,3.5,0.788239467,34058.72,1/1/12
Japan,JPN,JPY,320,76.92,42820.392,1/1/12
Malaysia,MYS,MYR,7.35,3.13955,8423.176,1/1/12
Mexico,MEX,MXN,37,13.6844,9565.962,1/1/12
Netherlands,NLD,EUR,3.25,0.788239467,47172.14,1/1/12
New Zealand,NZL,NZD,5.1,1.26000126,32145.233,1/1/12
Norway,NOR,NOK,41,6.0399,84443.634,1/1/12
Pakistan,PAK,PKR,260,90.05,1049.749,1/1/12
Peru,PER,PEN,10,2.6925,5171.651,1/1/12
Philippines,PHL,PHP,118,44.005,2007.362,1/1/12
Poland,POL,PLN,9.1,3.52045,12300.126,1/1/12
Portugal,PRT,EUR,2.9,0.788239467,21558.78,1/1/12
Russia,RUS,RUB,81,31.7693,10437.49,1/1/12
Saudi Arabia,SAU,SAR,10,3.7502,16995.78,1/1/12
Singapore,SGP,SGD,4.85,1.2928,43116.689,1/1/12
South Africa,ZAF,ZAR,19.95,8.1304,7157.801,1/1/12
South Korea,KOR,KRW,3700,1158.75,20590.962,1/1/12
Spain,ESP,EUR,3.5,0.788239467,30639.295,1/1/12
Sri Lanka,LKA,LKR,290,113.93,,1/1/12
Sweden,SWE,SEK,41,6.9338,48874.608,1/1/12
Switzerland,CHE,CHF,6.5,0.9551,67245.997,1/1/12
Taiwan,TWN,TWD,75,29.9795,18457.752,1/1/12
Thailand,THA,THB,78,31.75,4991.525,1/1/12
Turkey,TUR,TRY,6.6,1.86295,10398.685,1/1/12
UAE,ARE,AED,12,3.673,,1/1/12
Ukraine,UKR,UAH,17,8.0405,,1/1/12
United States,USA,USD,4.19722,1,47283.633,1/1/12
Uruguay,URY,UYU,90,19.45,,1/1/12
Venezuela,VEN,VEF,30,4.29465,,1/1/12
Argentina,ARG,ARS,19,4.56625,9138.177,7/1/12
Australia,AUS,AUD,4.56,0.974326497,55589.549,7/1/12
Austria,AUT,EUR,3.19,0.824844311,44986.583,7/1/12
Belgium,BEL,EUR,3.8,0.824844311,42630.113,7/1/12
Brazil,BRA,BRL,10.08,2.04215,10816.487,7/1/12
Britain,GBR,GBP,2.69,0.646266197,36119.846,7/1/12
Canada,CAN,CAD,5.12,1.01945,46214.914,7/1/12
Chile,CHL,CLP,2050,493.05,11827.958,7/1/12
China,CHN,CNY,15.65,6.3885,4382.136,7/1/12
Colombia,COL,COP,8600,1804.475,6273.372,7/1/12
Czech Republic,CZE,CZK,70.33,21.048,18288.284,7/1/12
Denmark,DNK,DKK,28.5,6.1356,56147.143,7/1/12
Egypt,EGY,EGP,16,6.0665,2788.829,7/1/12
Estonia,EST,EUR,2.04,0.824844311,14835.96,7/1/12
Euro area,EUZ,EUR,3.583482241,0.824844311,36947,7/1/12
Finland,FIN,EUR,3.75,0.824844311,44488.643,7/1/12
France,FRA,EUR,3.6,0.824844311,41018.597,7/1/12
Germany,DEU,EUR,3.64,0.824844311,40631.243,7/1/12
Greece,GRC,EUR,2.683,0.824844311,27301.544,7/1/12
Hong Kong,HKG,HKD,16.5,7.75815,31590.681,7/1/12
Hungary,HUN,HUF,830,238.2151,12879.296,7/1/12
India,IND,INR,89,56.165,1264.839,7/1/12
Indonesia,IDN,IDR,24200,9482.5,3015.374,7/1/12
Ireland,IRL,EUR,3.49,0.824844311,45688.759,7/1/12
Israel,ISR,ILS,11.9,4.07625,28685.616,7/1/12
Italy,ITA,EUR,3.6,0.824844311,34058.72,7/1/12
Japan,JPN,JPY,320,78.22,42820.392,7/1/12
Malaysia,MYS,MYR,7.4,3.1735,8423.176,7/1/12
Mexico,MEX,MXN,37,13.687,9565.962,7/1/12
Netherlands,NLD,EUR,3.38,0.824844311,47172.14,7/1/12
New Zealand,NZL,NZD,5.1,1.273560876,32145.233,7/1/12
Norway,NOR,NOK,43,6.09205,84443.634,7/1/12
Pakistan,PAK,PKR,285,94.605,1049.749,7/1/12
Philippines,PHL,PHP,118,42.2,2007.362,7/1/12
Poland,POL,PLN,9.1,3.46035,12300.126,7/1/12
Portugal,PRT,EUR,4.95,0.824844311,21558.78,7/1/12
Russia,RUS,RUB,75,32.76525,10437.49,7/1/12
Saudi Arabia,SAU,SAR,10,3.75025,16995.78,7/1/12
Singapore,SGP,SGD,4.4,1.2585,43116.689,7/1/12
South Africa,ZAF,ZAR,19.95,8.4683,7157.801,7/1/12
South Korea,KOR,KRW,3700,1151,20590.962,7/1/12
Spain,ESP,EUR,3.5,0.824844311,30639.295,7/1/12
Sri Lanka,LKA,LKR,290,131,,7/1/12
Sweden,SWE,SEK,39.97301987,6.9777,48874.608,7/1/12
Switzerland,CHE,CHF,6.5,0.9906,67245.997,7/1/12
Taiwan,TWN,TWD,75,30.1955,18457.752,7/1/12
Thailand,THA,THB,82,31.7,4991.525,7/1/12
Turkey,TUR,TRY,8.25,1.8269,10398.685,7/1/12
UAE,ARE,AED,12,3.67295,,7/1/12
Ukraine,UKR,UAH,15,8.0855,,7/1/12
United States,USA,USD,4.3275,1,47283.633,7/1/12
Uruguay,URY,UYU,99,21.87,,7/1/12
Venezuela,VEN,VEF,34,4.29465,,7/1/12
Argentina,ARG,ARS,19,4.9765,10959.082,1/1/13
Australia,AUS,AUD,4.7,0.959094615,66371.218,1/1/13
Austria,AUT,EUR,3.39,0.736946829,49687.509,1/1/13
Belgium,BEL,EUR,3.8,0.736946829,46989.381,1/1/13
Brazil,BRA,BRL,11.25,1.99335,12788.551,1/1/13
Britain,GBR,GBP,2.69,0.633211968,38811.424,1/1/13
Canada,CAN,CAD,5.41,1.0029,50496.043,1/1/13
Chile,CHL,CLP,2050,471.75,14403.111,1/1/13
China,CHN,CNY,16,6.2204,5416.668,1/1/13
Colombia,COL,COP,8600,1773.175,7114.33,1/1/13
Costa Rica,CRI,CRC,2200,500.83,,1/1/13
Czech Republic,CZE,CZK,70.33,18.89495,20435.875,1/1/13
Denmark,DNK,DKK,28.5,5.49795,59708.962,1/1/13
Egypt,EGY,EGP,16,6.68575,2931.827,1/1/13
Estonia,EST,EUR,2.7,0.736946829,16568.203,1/1/13
Euro area,EUZ,EUR,3.594849572,0.736946829,40137.01059,1/1/13
Finland,FIN,EUR,3.75,0.736946829,48782.645,1/1/13
France,FRA,EUR,3.6,0.736946829,44007.331,1/1/13
Germany,DEU,EUR,3.64,0.736946829,44110.989,1/1/13
Greece,GRC,EUR,3.3,0.736946829,26734.876,1/1/13
Hong Kong,HKG,HKD,17,7.7591,34259.337,1/1/13
Hungary,HUN,HUF,830,217.46935,14050.009,1/1/13
India,IND,INR,89,53.395,1513.618,1/1/13
Indonesia,IDN,IDR,27939,9767.5,3511.799,1/1/13
Ireland,IRL,EUR,3.49,0.736946829,48288.731,1/1/13
Israel,ISR,ILS,14.9,3.72455,32350.817,1/1/13
Italy,ITA,EUR,3.85,0.736946829,36266.876,1/1/13
Japan,JPN,JPY,320,91.065,45869.72,1/1/13
Malaysia,MYS,MYR,7.95,3.083,10084.608,1/1/13
Mexico,MEX,MXN,37,12.7384,10146.041,1/1/13
Netherlands,NLD,EUR,3.45,0.736946829,50216.422,1/1/13
New Zealand,NZL,NZD,5.2,1.202428906,35973.02,1/1/13
Norway,NOR,NOK,43,5.4831,97607.32,1/1/13
Pakistan,PAK,PKR,290,97.665,1199.111,1/1/13
Peru,PER,PEN,10,2.5595,5904.494,1/1/13
Philippines,PHL,PHP,118,40.6,2344.889,1/1/13
Poland,POL,PLN,9.1,3.092,13468.655,1/1/13
Portugal,PRT,EUR,2.95,0.736946829,22358.894,1/1/13
Russia,RUS,RUB,72.88,30.045,12993.358,1/1/13
Saudi Arabia,SAU,SAR,11,3.7502,21196.287,1/1/13
Singapore,SGP,SGD,4.5,1.23485,49270.872,1/1/13
South Africa,ZAF,ZAR,20.9,9.047,8078.451,1/1/13
South Korea,KOR,KRW,3700,1085.475,22424.062,1/1/13
Spain,ESP,EUR,3.5,0.736946829,32077.084,1/1/13
Sri Lanka,LKA,LKR,350,126.45,,1/1/13
Sweden,SWE,SEK,40.55930138,6.3492,57638.234,1/1/13
Switzerland,CHE,CHF,6.5,0.9123,83072.845,1/1/13
Taiwan,TWN,TWD,75,29.502,20082.918,1/1/13
Thailand,THA,THB,87,29.755,5394.714,1/1/13
Turkey,TUR,TRY,8.45,1.76875,10362.609,1/1/13
UAE,ARE,AED,12,3.67305,,1/1/13
Ukraine,UKR,UAH,19,8.144,,1/1/13
United States,USA,USD,4.367395833,1,48327.861,1/1/13
Uruguay,URY,UYU,105,19.28,,1/1/13
Venezuela,VEN,VEF,39,4.29465,,1/1/13
Argentina,ARG,ARS,21,5.4125,10959.082,7/1/13
Australia,AUS,AUD,5.035,1.089858863,66371.218,7/1/13
Austria,AUT,EUR,3.39,0.777756173,49687.509,7/1/13
Belgium,BEL,EUR,3.7,0.777756173,46989.381,7/1/13
Brazil,BRA,BRL,12,2.27065,12788.551,7/1/13
Britain,GBR,GBP,2.69,0.669142494,38811.424,7/1/13
Canada,CAN,CAD,5.53,1.05125,50496.043,7/1/13
Chile,CHL,CLP,2000,508.155,14403.111,7/1/13
China,CHN,CNY,16,6.1341,5416.668,7/1/13
Colombia,COL,COP,8600,1921,7114.33,7/1/13
Costa Rica,CRI,CRC,2150,498.675,,7/1/13
Czech Republic,CZE,CZK,70.45,20.1828,20435.875,7/1/13
Denmark,DNK,DKK,28.5,5.8006,59708.962,7/1/13
Egypt,EGY,EGP,16.75,7.00915,2931.827,7/1/13
Estonia,EST,EUR,2.75,0.777756173,16568.203,7/1/13
Euro area,EUZ,EUR,3.623870489,0.777756173,40137.01059,7/1/13
Finland,FIN,EUR,4.1,0.777756173,48782.645,7/1/13
France,FRA,EUR,3.9,0.777756173,44007.331,7/1/13
Germany,DEU,EUR,3.64,0.777756173,44110.989,7/1/13
Greece,GRC,EUR,2.6,0.777756173,26734.876,7/1/13
Hong Kong,HKG,HKD,17,7.75665,34259.337,7/1/13
Hungary,HUN,HUF,860,228.462,14050.009,7/1/13
India,IND,INR,90,59.98,1513.618,7/1/13
Indonesia,IDN,IDR,27939,9965,3511.799,7/1/13
Ireland,IRL,EUR,3.46,0.777756173,48288.731,7/1/13
Israel,ISR,ILS,17.5,3.64595,32350.817,7/1/13
Italy,ITA,EUR,3.75,0.777756173,36266.876,7/1/13
Japan,JPN,JPY,320,100.105,45869.72,7/1/13
Malaysia,MYS,MYR,7.3,3.1805,10084.608,7/1/13
Mexico,MEX,MXN,37,12.94115,10146.041,7/1/13
Netherlands,NLD,EUR,3.45,0.777756173,50216.422,7/1/13
New Zealand,NZL,NZD,5.5,1.279344975,35973.02,7/1/13
Norway,NOR,NOK,46,6.1281,97607.32,7/1/13
Pakistan,PAK,PKR,300,100.035,1199.111,7/1/13
Peru,PER,PEN,10,2.783,5904.494,7/1/13
Philippines,PHL,PHP,115.21,43.44,2344.889,7/1/13
Poland,POL,PLN,9.2,3.3655,13468.655,7/1/13
Portugal,PRT,EUR,2.95,0.777756173,22358.894,7/1/13
Russia,RUS,RUB,87,32.9389,12993.358,7/1/13
Saudi Arabia,SAU,SAR,10,3.7502,21196.287,7/1/13
Singapore,SGP,SGD,4.7,1.2747,49270.872,7/1/13
South Africa,ZAF,ZAR,22.5,10.04725,8078.451,7/1/13
South Korea,KOR,KRW,3900,1135.7,22424.062,7/1/13
Spain,ESP,EUR,3.5,0.777756173,32077.084,7/1/13
Sri Lanka,LKA,LKR,370,130.8,,7/1/13
Sweden,SWE,SEK,41.61,6.7583,57638.234,7/1/13
Switzerland,CHE,CHF,6.5,0.9674,83072.845,7/1/13
Taiwan,TWN,TWD,79,30.0285,20082.918,7/1/13
Thailand,THA,THB,89,31.275,5394.714,7/1/13
Turkey,TUR,TRY,8.5,1.95745,10362.609,7/1/13
UAE,ARE,AED,12,3.673,,7/1/13
Ukraine,UKR,UAH,19,8.155,,7/1/13
United States,USA,USD,4.556666667,1,48327.861,7/1/13
Uruguay,URY,UYU,105,21.085,,7/1/13
Venezuela,VEN,VEF,45,6.2921,,7/1/13
Argentina,ARG,ARS,21,6.92125,10959.082,1/1/14
Australia,AUS,AUD,5.05,1.128859288,66371.218,1/1/14
Austria,AUT,EUR,3.39,0.737218475,49687.509,1/1/14
Belgium,BEL,EUR,3.95,0.737218475,46989.381,1/1/14
Brazil,BRA,BRL,12.4,2.36305,12788.551,1/1/14
Britain,GBR,GBP,2.79,0.603009015,38811.424,1/1/14
Canada,CAN,CAD,5.54,1.1051,50496.043,1/1/14
Chile,CHL,CLP,2000,541.95,14403.111,1/1/14
China,CHN,CNY,16.6,6.0513,5416.668,1/1/14
Colombia,COL,COP,8600,1982.795,7114.33,1/1/14
Costa Rica,CRI,CRC,2150,501.92,,1/1/14
Czech Republic,CZE,CZK,70.45,20.2838,20435.875,1/1/14
Denmark,DNK,DKK,28.5,5.5014,59708.962,1/1/14
Egypt,EGY,EGP,16.93,6.961,2931.827,1/1/14
Estonia,EST,EUR,2.8,0.737218475,16568.203,1/1/14
Euro area,EUZ,EUR,3.657962724,0.737218475,40137.01059,1/1/14
Finland,FIN,EUR,4.1,0.737218475,48782.645,1/1/14
France,FRA,EUR,3.8,0.737218475,44007.331,1/1/14
Germany,DEU,EUR,3.67,0.737218475,44110.989,1/1/14
Greece,GRC,EUR,3.05,0.737218475,26734.876,1/1/14
Hong Kong,HKG,HKD,18,7.75785,34259.337,1/1/14
Hungary,HUN,HUF,860,223.09705,14050.009,1/1/14
India,IND,INR,95,61.845,1513.618,1/1/14
Indonesia,IDN,IDR,27939,12140,3511.799,1/1/14
Ireland,IRL,EUR,3.46,0.737218475,48288.731,1/1/14
Israel,ISR,ILS,17.5,3.4882,32350.817,1/1/14
Italy,ITA,EUR,3.85,0.737218475,36266.876,1/1/14
Japan,JPN,JPY,310,104.245,45869.72,1/1/14
Lithuania,LTU,EUR,8.8,2.5454,,1/1/14
Malaysia,MYS,MYR,7.4,3.3235,10084.608,1/1/14
Mexico,MEX,MXN,37,13.33275,10146.041,1/1/14
Netherlands,NLD,EUR,3.45,0.737218475,50216.422,1/1/14
New Zealand,NZL,NZD,5.5,1.203007519,35973.02,1/1/14
Norway,NOR,NOK,48,6.15745,97607.32,1/1/14
Pakistan,PAK,PKR,320,105.415,1199.111,1/1/14
Peru,PER,PEN,10,2.8065,5904.494,1/1/14
Philippines,PHL,PHP,135,45.23,2344.889,1/1/14
Poland,POL,PLN,9.2,3.0684,13468.655,1/1/14
Portugal,PRT,EUR,3,0.737218475,22358.894,1/1/14
Russia,RUS,RUB,89,33.93925,12993.358,1/1/14
Saudi Arabia,SAU,SAR,11,3.7504,21196.287,1/1/14
Singapore,SGP,SGD,4.6,1.27885,49270.872,1/1/14
South Africa,ZAF,ZAR,23.5,10.87765,8078.451,1/1/14
South Korea,KOR,KRW,3700,1067.3,22424.062,1/1/14
Spain,ESP,EUR,3.65,0.737218475,32077.084,1/1/14
Sri Lanka,LKA,LKR,350,130.8,,1/1/14
Sweden,SWE,SEK,40.7,6.47315,57638.234,1/1/14
Switzerland,CHE,CHF,6.5,0.91005,83072.845,1/1/14
Taiwan,TWN,TWD,79,30.161,20082.918,1/1/14
Thailand,THA,THB,96,32.875,5394.714,1/1/14
Turkey,TUR,TRY,8.5,2.26155,10362.609,1/1/14
UAE,ARE,AED,12,3.673,,1/1/14
Ukraine,UKR,UAH,19,8.379,,1/1/14
United States,USA,USD,4.624166667,1,48327.861,1/1/14
Uruguay,URY,UYU,105,21.38,,1/1/14
Venezuela,VEN,VEF,45,6.2921,,1/1/14
Argentina,ARG,ARS,21,8.16875,11582.48,7/1/14
Australia,AUS,AUD,5.1,1.059378145,67855.88,7/1/14
Austria,AUT,EUR,3.39,0.742748914,46620.235,7/1/14
Belgium,BEL,EUR,3.7,0.742748914,43553.781,7/1/14
Brazil,BRA,BRL,13,2.22025,11437.393,7/1/14
Britain,GBR,GBP,2.89,0.586785589,38999.208,7/1/14
Canada,CAN,CAD,5.64,1.07405,52488.725,7/1/14
Chile,CHL,CLP,2100,564.14,15300.352,7/1/14
China,CHN,CNY,16.9,6.1983,6077.65,7/1/14
Colombia,COL,COP,8600,1847.65,7935.716,7/1/14
Costa Rica,CRI,CRC,2150,537.3,,7/1/14
Czech Republic,CZE,CZK,70.45,20.3877,18699.467,7/1/14
Denmark,DNK,DKK,28.5,5.5388,56475.85,7/1/14
Egypt,EGY,EGP,16.93,7.15005,3178.951,7/1/14
Estonia,EST,EUR,2.9,0.742748914,17295.228,7/1/14
Euro area,EUZ,EUR,3.67923829,0.742748914,36888.30379,7/1/14
Finland,FIN,EUR,4.1,0.742748914,45567.519,7/1/14
France,FRA,EUR,3.9,0.742748914,41223.213,7/1/14
Germany,DEU,EUR,3.67,0.742748914,42569.471,7/1/14
Greece,GRC,EUR,3.05,0.742748914,22346.584,7/1/14
Hong Kong,HKG,HKD,18.8,7.75045,36590.443,7/1/14
Hungary,HUN,HUF,860,228.30615,12543.959,7/1/14
India,IND,INR,105,60.08875,1514.634,7/1/14
Indonesia,IDN,IDR,27939,11505,3590.662,7/1/14
Ireland,IRL,EUR,3.49,0.742748914,45961.959,7/1/14
Israel,ISR,ILS,17.5,3.4138,33450.928,7/1/14
Italy,ITA,EUR,3.85,0.742748914,33915.461,7/1/14
Japan,JPN,JPY,370,101.53,46530.384,7/1/14
Lithuania,LTU,EUR,8.95,2.56455,,7/1/14
Malaysia,MYS,MYR,7.63,3.1675,10387.16,7/1/14
Mexico,MEX,MXN,42,12.93255,10110.686,7/1/14
Netherlands,NLD,EUR,3.45,0.742748914,45988.604,7/1/14
New Zealand,NZL,NZD,5.7,1.152737752,38384.906,7/1/14
Norway,NOR,NOK,48,6.1873,99249.004,7/1/14
Pakistan,PAK,PKR,300,98.68,1260.736,7/1/14
Peru,PER,PEN,10,2.788,6549.636,7/1/14
Philippines,PHL,PHP,160,43.205,2611.503,7/1/14
Poland,POL,PLN,9.2,3.0714,12708.962,7/1/14
Portugal,PRT,EUR,3,0.742748914,20019.902,7/1/14
Russia,RUS,RUB,89,34.83725,14015.75,7/1/14
Saudi Arabia,SAU,SAR,11,3.75035,25139.004,7/1/14
Singapore,SGP,SGD,4.7,1.238,53516.039,7/1/14
South Africa,ZAF,ZAR,24.5,10.5145,7314.014,7/1/14
South Korea,KOR,KRW,4100,1023.75,22590.158,7/1/14
Spain,ESP,EUR,3.65,0.742748914,28294.112,7/1/14
Sri Lanka,LKA,LKR,350,130.255,,7/1/14
Sweden,SWE,SEK,40.7,6.836,54829.105,7/1/14
Switzerland,CHE,CHF,6.16,0.9024,79344.253,7/1/14
Taiwan,TWN,TWD,79,29.982,20386.475,7/1/14
Thailand,THA,THB,99,31.78,5390.414,7/1/14
Turkey,TUR,TRY,9.25,2.09125,10523.36,7/1/14
UAE,ARE,AED,13,3.67305,,7/1/14
Ukraine,UKR,UAH,19,11.685,,7/1/14
United States,USA,USD,4.795,1,51708.982,7/1/14
Uruguay,URY,UYU,113,22.97,,7/1/14
Venezuela,VEN,VEF,75,11,,7/1/14
Vietnam,VNM,VND,60000,21230,,7/1/14
Argentina,ARG,ARS,28,8.61,14708.613,1/1/15
Australia,AUS,AUD,5.3,1.227219734,64578.19,1/1/15
Austria,AUT,EUR,3.39,0.863073404,49038.959,1/1/15
Belgium,BEL,EUR,3.7,0.863073404,45537.619,1/1/15
Brazil,BRA,BRL,13.5,2.59275,11172.523,1/1/15
Britain,GBR,GBP,2.89,0.661594443,39371.653,1/1/15
Canada,CAN,CAD,5.7,1.22855,52037.148,1/1/15
Chile,CHL,CLP,2100,627.485,15775.713,1/1/15
China,CHN,CNY,17.2,6.2115,6958.686,1/1/15
Colombia,COL,COP,7900,2364.98,8030.715,1/1/15
Costa Rica,CRI,CRC,2150,536.09,,1/1/15
Czech Republic,CZE,CZK,70.45,24.13325,18871.009,1/1/15
Denmark,DNK,DKK,34.5,6.4174,59129.127,1/1/15
Egypt,EGY,EGP,16.93,7.35005,3242.857,1/1/15
Estonia,EST,EUR,2.9,0.863073404,18852.091,1/1/15
Euro area,EUZ,EUR,3.68,0.863073404,38643.6391,1/1/15
Finland,FIN,EUR,4.1,0.863073404,49055.031,1/1/15
France,FRA,EUR,3.9,0.863073404,44098.695,1/1/15
Germany,DEU,EUR,3.67,0.863073404,44999.496,1/1/15
Greece,GRC,EUR,3.05,0.863073404,21857.28,1/1/15
Hong Kong,HKG,HKD,18.8,7.75135,37955.448,1/1/15
Hungary,HUN,HUF,860,271.39345,13387.975,1/1/15
India,IND,INR,116.25,61.615,1509.495,1/1/15
Indonesia,IDN,IDR,27939,12480,3509.824,1/1/15
Ireland,IRL,EUR,3.49,0.863073404,48607.821,1/1/15
Israel,ISR,ILS,17.5,3.93415,36926.33,1/1/15
Italy,ITA,EUR,3.85,0.863073404,34714.703,1/1/15
Japan,JPN,JPY,370,117.765,38467.786,1/1/15
Malaysia,MYS,MYR,7.63,3.6155,10456.887,1/1/15
Mexico,MEX,MXN,49,14.6275,10649.907,1/1/15
Netherlands,NLD,EUR,3.45,0.863073404,50815.753,1/1/15
New Zealand,NZL,NZD,5.9,1.313283866,40515.94,1/1/15
Norway,NOR,NOK,48,7.6225,100578.968,1/1/15
Pakistan,PAK,PKR,300,100.735,1274.756,1/1/15
Peru,PER,PEN,10,3.008,6540.989,1/1/15
Philippines,PHL,PHP,163,44.41,2790.878,1/1/15
Poland,POL,PLN,9.2,3.7066,13435.263,1/1/15
Portugal,PRT,EUR,3,0.863073404,20995.33,1/1/15
Russia,RUS,RUB,89,65.227,14591.33,1/1/15
Saudi Arabia,SAU,SAR,11,3.7569,24953.086,1/1/15
Singapore,SGP,SGD,4.7,1.33315,55182.483,1/1/15
South Africa,ZAF,ZAR,25.5,11.47875,6621.122,1/1/15
South Korea,KOR,KRW,4100,1083.3,25975.068,1/1/15
Spain,ESP,EUR,3.65,0.863073404,29150.345,1/1/15
Sri Lanka,LKA,LKR,350,131.875,,1/1/15
Sweden,SWE,SEK,40.7,8.19145,58014.168,1/1/15
Switzerland,CHE,CHF,6.5,0.86165,81276.126,1/1/15
Taiwan,TWN,TWD,79,31.493,20924.921,1/1/15
Thailand,THA,THB,99,32.605,5675.8,1/1/15
Turkey,TUR,TRY,9.25,2.33345,10721.063,1/1/15
UAE,ARE,AED,13,3.67305,,1/1/15
Ukraine,UKR,UAH,19,15.822,,1/1/15
United States,USA,USD,4.79,1,53000.972,1/1/15
Uruguay,URY,UYU,113,24.425,,1/1/15
Venezuela,VEN,VEF,132,52.1021,,1/1/15
Vietnam,VNM,VND,60000,21380,,1/1/15
Argentina,ARG,ARS,28,9.135,12873.16,7/1/15
Australia,AUS,AUD,5.3,1.35126005,61219.156,7/1/15
Austria,AUT,EUR,3.39,0.912700224,51306.674,7/1/15
Belgium,BEL,EUR,3.7,0.912700224,47721.586,7/1/15
Brazil,BRA,BRL,13.5,3.15235,11604.471,7/1/15
Britain,GBR,GBP,2.89,0.640450877,45653.41,7/1/15
Canada,CAN,CAD,5.85,1.2897,50397.862,7/1/15
Chile,CHL,CLP,2100,642.45,14477.099,7/1/15
China,CHN,CNY,17,6.2092,7588.996,7/1/15
Colombia,COL,COP,7900,2708.9,8075.644,7/1/15
Costa Rica,CRI,CRC,2150,533.3,,7/1/15
Czech Republic,CZE,CZK,70,24.70225,19563.33,7/1/15
Denmark,DNK,DKK,34.59,6.81105,60563.623,7/1/15
Egypt,EGY,EGP,16.93,7.83005,3303.752,7/1/15
Estonia,EST,EUR,2.95,0.912700224,19670.852,7/1/15
Euro area,EUZ,EUR,3.7,0.912700224,40028.39054,7/1/15
Finland,FIN,EUR,4.1,0.912700224,49496.717,7/1/15
France,FRA,EUR,4.1,0.912700224,44538.147,7/1/15
Germany,DEU,EUR,3.59,0.912700224,47589.972,7/1/15
Greece,GRC,EUR,3.05,0.912700224,21653.081,7/1/15
Hong Kong,HKG,HKD,19.2,7.7508,39871.096,7/1/15
Hungary,HUN,HUF,900,282.8778,13881.131,7/1/15
India,IND,INR,116.25,63.43,1626.982,7/1/15
Indonesia,IDN,IDR,30500,13344.5,3533.529,7/1/15
Ireland,IRL,EUR,3.7,0.912700224,53461.974,7/1/15
Israel,ISR,ILS,17.5,3.77835,36990.982,7/1/15
Italy,ITA,EUR,4,0.912700224,35823.219,7/1/15
Japan,JPN,JPY,370,123.935,36331.742,7/1/15
Malaysia,MYS,MYR,7.65,3.8065,10803.525,7/1/15
Mexico,MEX,MXN,49,15.73975,10714.826,7/1/15
Netherlands,NLD,EUR,3.45,0.912700224,51372.963,7/1/15
New Zealand,NZL,NZD,5.9,1.509092281,43837.294,7/1/15
Norway,NOR,NOK,46,8.14255,97013.261,7/1/15
Pakistan,PAK,PKR,350,101.7,1342.73,7/1/15
Peru,PER,PEN,10,3.1835,6458.287,7/1/15
Philippines,PHL,PHP,163,45.2125,2865.485,7/1/15
Poland,POL,PLN,9.6,3.7736,14378.622,7/1/15
Portugal,PRT,EUR,3,0.912700224,22130.488,7/1/15
Russia,RUS,RUB,107,56.815,12925.964,7/1/15
Saudi Arabia,SAU,SAR,12,3.75055,24454.016,7/1/15
Singapore,SGP,SGD,4.7,1.3664,56319.338,7/1/15
South Africa,ZAF,ZAR,26,12.41455,6482.753,7/1/15
South Korea,KOR,KRW,4300,1143.5,28100.717,7/1/15
Spain,ESP,EUR,3.65,0.912700224,30278.346,7/1/15
Sri Lanka,LKA,LKR,350,133.85,,7/1/15
Sweden,SWE,SEK,43.7,8.52265,58491.468,7/1/15
Switzerland,CHE,CHF,6.5,0.9528,87475.464,7/1/15
Taiwan,TWN,TWD,79,31.02,22597.73,7/1/15
Thailand,THA,THB,108,34.0875,5444.556,7/1/15
Turkey,TUR,TRY,10.25,2.6457,10482.14,7/1/15
UAE,ARE,AED,13,3.67295,,7/1/15
Ukraine,UKR,UAH,34,21.95,,7/1/15
United States,USA,USD,4.79,1,54596.653,7/1/15
Uruguay,URY,UYU,113,27.345,,7/1/15
Venezuela,VEN,VEF,132,197,,7/1/15
Vietnam,VNM,VND,60000,21810,,7/1/15
Argentina,ARG,ARS,33,13.80925,12735.196,1/1/16
Australia,AUS,AUD,5.3,1.415728746,61066.154,1/1/16
Austria,AUT,EUR,3.5,0.930232558,51433.004,1/1/16
Belgium,BEL,EUR,3.95,0.930232558,47682.132,1/1/16
Brazil,BRA,BRL,13.5,4.0248,11572.7,1/1/16
Britain,GBR,GBP,2.89,0.684532977,45729.267,1/1/16
Canada,CAN,CAD,5.84,1.4092,50304.025,1/1/16
Chile,CHL,CLP,2100,715.215,14479.829,1/1/16
China,CHN,CNY,17.6,6.5582,7571.543,1/1/16
Colombia,COL,COP,7900,3253.9,7928.061,1/1/16
Costa Rica,CRI,CRC,2150,535.25,,1/1/16
Czech Republic,CZE,CZK,75,25.1442,19526.401,1/1/16
Denmark,DNK,DKK,30,6.9405,60947.383,1/1/16
Egypt,EGY,EGP,16.93,7.83005,3303.752,1/1/16
Estonia,EST,EUR,3,0.930232558,20090.024,1/1/16
Euro area,EUZ,EUR,3.72,0.930232558,40001.31716,1/1/16
Finland,FIN,EUR,4.1,0.930232558,50015.698,1/1/16
France,FRA,EUR,4.1,0.930232558,44331.604,1/1/16
Germany,DEU,EUR,3.59,0.930232558,47773.578,1/1/16
Greece,GRC,EUR,3.35,0.930232558,21648.203,1/1/16
Hong Kong,HKG,HKD,19.2,7.75235,40032.534,1/1/16
Hungary,HUN,HUF,900,292.67905,13869.538,1/1/16
India,IND,INR,127,66.8025,1607.646,1/1/16
Indonesia,IDN,IDR,30500,13947.5,3524.075,1/1/16
Ireland,IRL,EUR,3.95,0.930232558,54411.136,1/1/16
Israel,ISR,ILS,16.9,3.94105,37222.384,1/1/16
Italy,ITA,EUR,4,0.930232558,35334.815,1/1/16
Japan,JPN,JPY,370,118.645,36221.812,1/1/16
Malaysia,MYS,MYR,8,4.3925,11049.28,1/1/16
Mexico,MEX,MXN,49,17.43675,10784.464,1/1/16
Netherlands,NLD,EUR,3.45,0.930232558,52224.644,1/1/16
New Zealand,NZL,NZD,5.9,1.508068165,43363.232,1/1/16
Norway,NOR,NOK,46.8,8.97465,96930.485,1/1/16
Pakistan,PAK,PKR,300,104.885,1325.79,1/1/16
Peru,PER,PEN,10,3.418,6448.534,1/1/16
Philippines,PHL,PHP,131,47.0225,2862.38,1/1/16
Poland,POL,PLN,9.6,4.0477,14411.495,1/1/16
Portugal,PRT,EUR,3,0.930232558,22122.981,1/1/16
Russia,RUS,RUB,114,74.655,12717.687,1/1/16
Saudi Arabia,SAU,SAR,12,3.7543,24252.173,1/1/16
Singapore,SGP,SGD,4.7,1.43725,56286.553,1/1/16
South Africa,ZAF,ZAR,28,15.81375,6482.753,1/1/16
South Korea,KOR,KRW,4300,1197.75,27970.494,1/1/16
Spain,ESP,EUR,3.5,0.930232558,30271.524,1/1/16
Sri Lanka,LKA,LKR,350,144.05,,1/1/16
Sweden,SWE,SEK,45,8.60185,58538.061,1/1/16
Switzerland,CHE,CHF,6.5,1.0088,86468.355,1/1/16
Taiwan,TWN,TWD,69,33.2315,22599.765,1/1/16
Thailand,THA,THB,112,36.22,5896.361,1/1/16
Turkey,TUR,TRY,10.25,3.0096,10381.025,1/1/16
UAE,ARE,AED,13,3.6731,,1/1/16
Ukraine,UKR,UAH,36,23.35,,1/1/16
United States,USA,USD,4.93,1,54369.826,1/1/16
Uruguay,URY,UYU,113,30.185,,1/1/16
Venezuela,VEN,VEF,132,198.6986,,1/1/16
Vietnam,VNM,VND,60000,22467.5,,1/1/16
Argentina,ARG,ARS,50,14.935,13588.846,7/1/16
Australia,AUS,AUD,5.75,1.335737661,50961.865,7/1/16
Austria,AUT,EUR,3.6,0.908306463,43724.031,7/1/16
Belgium,BEL,EUR,3.95,0.908306463,40106.632,7/1/16
Brazil,BRA,BRL,15.5,3.24145,8669.998,7/1/16
Britain,GBR,GBP,2.99,0.758840492,43770.688,7/1/16
Canada,CAN,CAD,6,1.303,43331.961,7/1/16
Chile,CHL,CLP,2300,651.12,13340.905,7/1/16
China,CHN,CNY,18.6,6.678,7989.72,7/1/16
Colombia,COL,COP,8900,2929,6083.51,7/1/16
Costa Rica,CRI,CRC,2250,546.39,,7/1/16
Czech Republic,CZE,CZK,75,24.54655,17256.918,7/1/16
Denmark,DNK,DKK,30,6.75715,52114.165,7/1/16
Egypt,EGY,EGP,23,8.87995,3740.249,7/1/16
Estonia,EST,EUR,3.1,0.908306463,17288.083,7/1/16
Euro area,EUZ,EUR,3.82,0.908306463,34142.38535,7/1/16
Finland,FIN,EUR,4.6,0.908306463,41973.988,7/1/16
France,FRA,EUR,4.1,0.908306463,37675.006,7/1/16
Germany,DEU,EUR,3.79,0.908306463,40996.511,7/1/16
Greece,GRC,EUR,3.35,0.908306463,18064.288,7/1/16
Hong Kong,HKG,HKD,19.2,7.7554,42389.63,7/1/16
Hungary,HUN,HUF,900,285.6397,12239.894,7/1/16
India,IND,INR,162,67.2,1617.309,7/1/16
Indonesia,IDN,IDR,31000,13112.5,3362.357,7/1/16
Ireland,IRL,EUR,4,0.908306463,51350.744,7/1/16
Israel,ISR,ILS,16.9,3.85875,35343.336,7/1/16
Italy,ITA,EUR,4.2,0.908306463,29866.581,7/1/16
Japan,JPN,JPY,370,106.725,32485.545,7/1/16
Malaysia,MYS,MYR,8,4.027,9556.774,7/1/16
Mexico,MEX,MXN,44,18.535,9009.28,7/1/16
Netherlands,NLD,EUR,3.45,0.908306463,43603.115,7/1/16
New Zealand,NZL,NZD,6,1.421363087,37044.891,7/1/16
Norway,NOR,NOK,46.8,8.49355,74822.106,7/1/16
Pakistan,PAK,PKR,375,104.82,1449.978,7/1/16
Peru,PER,PEN,10,3.30585,6021.104,7/1/16
Philippines,PHL,PHP,133,47.115,2858.144,7/1/16
Poland,POL,PLN,9.6,3.96565,12495.334,7/1/16
Portugal,PRT,EUR,3.05,0.908306463,19121.592,7/1/16
Russia,RUS,RUB,130,63.40755,9054.914,7/1/16
Saudi Arabia,SAU,SAR,12,3.7505,20812.586,7/1/16
Singapore,SGP,SGD,5.45,1.3577,52887.77,7/1/16
South Africa,ZAF,ZAR,30,14.27375,5694.572,7/1/16
South Korea,KOR,KRW,4400,1140.95,27195.197,7/1/16
Spain,ESP,EUR,3.5,0.908306463,25864.721,7/1/16
Sri Lanka,LKA,LKR,530,146.2,,7/1/16
Sweden,SWE,SEK,44.94,8.59485,49866.266,7/1/16
Switzerland,CHE,CHF,6.5,0.9861,80675.308,7/1/16
Taiwan,TWN,TWD,69,32.029,22287.562,7/1/16
Thailand,THA,THB,119,34.965,5742.282,7/1/16
Turkey,TUR,TRY,10.75,3.04305,9437.372,7/1/16
UAE,ARE,AED,13,3.6731,,7/1/16
Ukraine,UKR,UAH,39,24.8,,7/1/16
United States,USA,USD,5.04,1,55805.204,7/1/16
Uruguay,URY,UYU,123,30.165,,7/1/16
Venezuela,VEN,VEF,2170,641.4001,,7/1/16
Vietnam,VNM,VND,60000,22300,,7/1/16
Argentina,ARG,ARS,55,15.8575,13588.846,1/1/17
Australia,AUS,AUD,5.8,1.356668023,50961.865,1/1/17
Austria,AUT,EUR,3.4,0.955246692,43724.031,1/1/17
Belgium,BEL,EUR,3.95,0.955246692,40106.632,1/1/17
Brazil,BRA,BRL,16.5,3.22395,8669.998,1/1/17
Britain,GBR,GBP,3.09,0.82877507,43770.688,1/1/17
Canada,CAN,CAD,5.98,1.326,43331.961,1/1/17
Chile,CHL,CLP,2450,672.805,13340.905,1/1/17
China,CHN,CNY,19.6,6.9266,7989.72,1/1/17
Colombia,COL,COP,9900,2994.625,6083.51,1/1/17
Costa Rica,CRI,CRC,2250,554.33,,1/1/17
Czech Republic,CZE,CZK,75,25.81175,17256.918,1/1/17
Denmark,DNK,DKK,30,7.10125,52114.165,1/1/17
Egypt,EGY,EGP,27.49,18.77,3740.249,1/1/17
Estonia,EST,EUR,3.1,0.955246692,17288.083,1/1/17
Euro area,EUZ,EUR,3.88,0.955246692,34142.38535,1/1/17
Finland,FIN,EUR,4.55,0.955246692,41973.988,1/1/17
France,FRA,EUR,4.1,0.955246692,37675.006,1/1/17
Germany,DEU,EUR,3.79,0.955246692,40996.511,1/1/17
Greece,GRC,EUR,3.35,0.955246692,18064.288,1/1/17
Hong Kong,HKG,HKD,19.2,7.75595,42389.63,1/1/17
Hungary,HUN,HUF,900,294.6172,12239.894,1/1/17
India,IND,INR,170,68.3275,1617.309,1/1/17
Indonesia,IDN,IDR,31000,13329,3362.357,1/1/17
Ireland,IRL,EUR,4,0.955246692,51350.744,1/1/17
Israel,ISR,ILS,16.9,3.855,35343.336,1/1/17
Italy,ITA,EUR,4.2,0.955246692,29866.581,1/1/17
Japan,JPN,JPY,380,116.665,32485.545,1/1/17
Malaysia,MYS,MYR,8,4.4715,9556.774,1/1/17
Mexico,MEX,MXN,49,21.9505,9009.28,1/1/17
Netherlands,NLD,EUR,3.61,0.955246692,43603.115,1/1/17
New Zealand,NZL,NZD,6,1.43358899,37044.891,1/1/17
Norway,NOR,NOK,49,8.64835,74822.106,1/1/17
Pakistan,PAK,PKR,375,104.775,1449.978,1/1/17
Peru,PER,PEN,11,3.3929,6021.104,1/1/17
Philippines,PHL,PHP,133,49.615,2858.144,1/1/17
Poland,POL,PLN,9.6,4.17215,12495.334,1/1/17
Portugal,PRT,EUR,3.05,0.955246692,19121.592,1/1/17
Russia,RUS,RUB,130,60.4375,9054.914,1/1/17
Saudi Arabia,SAU,SAR,12,3.75065,20812.586,1/1/17
Singapore,SGP,SGD,5.6,1.43875,52887.77,1/1/17
South Africa,ZAF,ZAR,26.32,13.9525,5694.572,1/1/17
South Korea,KOR,KRW,4400,1196.45,27195.197,1/1/17
Spain,ESP,EUR,3.95,0.955246692,25864.721,1/1/17
Sri Lanka,LKA,LKR,550,150.06,,1/1/17
Sweden,SWE,SEK,48,9.12455,49866.266,1/1/17
Switzerland,CHE,CHF,6.5,1.0236,80675.308,1/1/17
Taiwan,TWN,TWD,69,31.905,22287.562,1/1/17
Thailand,THA,THB,119,35.573,5742.282,1/1/17
Turkey,TUR,TRY,10.75,3.91115,9437.372,1/1/17
UAE,ARE,AED,13,3.673,,1/1/17
Ukraine,UKR,UAH,42,27.235,,1/1/17
United States,USA,USD,5.06,1,55805.204,1/1/17
Uruguay,URY,UYU,125,28.725,,1/1/17
Venezuela,VEN,VEF,3550,676.6047,,1/1/17
Vietnam,VNM,VND,60000,22572,,1/1/17
Argentina,ARG,ARS,70,16.9675,12502.822,7/1/17
Australia,AUS,AUD,5.9,1.303016483,51850.269,7/1/17
Austria,AUT,EUR,3.4,0.875695083,44498.37,7/1/17
Belgium,BEL,EUR,4.05,0.875695083,41283.274,7/1/17
Brazil,BRA,BRL,16.5,3.2343,8726.901,7/1/17
Britain,GBR,GBP,3.19,0.775885479,43770.688,7/1/17
Canada,CAN,CAD,5.97,1.2823,42210.132,7/1/17
Chile,CHL,CLP,2550,663.355,13575.996,7/1/17
China,CHN,CNY,19.8,6.7875,8113.257,7/1/17
Colombia,COL,COP,9900,3052.16,5792.182,7/1/17
Costa Rica,CRI,CRC,2290,572.495,,7/1/17
Czech Republic,CZE,CZK,75,22.8561,18286.333,7/1/17
Denmark,DNK,DKK,30,6.51255,53743.966,7/1/17
Egypt,EGY,EGP,31.37,17.885,3684.574,7/1/17
Estonia,EST,EUR,3.15,0.875695083,17632.704,7/1/17
Euro area,EUZ,EUR,3.91,0.875695083,35066.00744,7/1/17
Finland,FIN,EUR,4.56,0.875695083,43169.218,7/1/17
France,FRA,EUR,4.1,0.875695083,38127.652,7/1/17
Germany,DEU,EUR,3.9,0.875695083,41902.283,7/1/17
Greece,GRC,EUR,3.35,0.875695083,17900.73,7/1/17
Hong Kong,HKG,HKD,19.2,7.8115,43527.994,7/1/17
Hungary,HUN,HUF,862,268.6239,12778.288,7/1/17
India,IND,INR,178,64.5575,1723.301,7/1/17
Indonesia,IDN,IDR,32126,13369.5,3604.291,7/1/17
Ireland,IRL,EUR,4.07,0.875695083,62562.272,7/1/17
Israel,ISR,ILS,16.9,3.5405,37262.4,7/1/17
Italy,ITA,EUR,4.2,0.875695083,30507.181,7/1/17
Japan,JPN,JPY,380,113.06,38917.286,7/1/17
Malaysia,MYS,MYR,8.6,4.2935,9556.774,7/1/17
Mexico,MEX,MXN,49,17.79075,9009.28,7/1/17
Netherlands,NLD,EUR,3.61,0.875695083,43603.115,7/1/17
New Zealand,NZL,NZD,6.1,1.376273053,37044.891,7/1/17
Norway,NOR,NOK,49,8.2852,74822.106,7/1/17
Pakistan,PAK,PKR,375,105.15,1449.978,7/1/17
Peru,PER,PEN,10.5,3.2515,6021.104,7/1/17
Philippines,PHL,PHP,134,50.5765,2858.144,7/1/17
Poland,POL,PLN,10.1,3.7086,12495.334,7/1/17
Portugal,PRT,EUR,3.25,0.875695083,19121.592,7/1/17
Russia,RUS,RUB,137,60.1369,9054.914,7/1/17
Saudi Arabia,SAU,SAR,12,3.75015,20812.586,7/1/17
Singapore,SGP,SGD,5.6,1.3777,52887.77,7/1/17
South Africa,ZAF,ZAR,30,13.27,5694.572,7/1/17
South Korea,KOR,KRW,4400,1144.65,27538.806,7/1/17
Spain,ESP,EUR,3.8,0.875695083,25864.721,7/1/17
Sri Lanka,LKA,LKR,580,153.725,,7/1/17
Sweden,SWE,SEK,48.97,8.41565,49866.266,7/1/17
Switzerland,CHE,CHF,6.5,0.96415,80675.308,7/1/17
Taiwan,TWN,TWD,69,30.4775,22287.562,7/1/17
Thailand,THA,THB,119,34.0365,5742.282,7/1/17
Turkey,TUR,TRY,10.75,3.57605,9437.372,7/1/17
UAE,ARE,AED,14,3.673,,7/1/17
Ukraine,UKR,UAH,44,25.915,,7/1/17
United States,USA,USD,5.3,1,55805.204,7/1/17
Uruguay,URY,UYU,130,28.705,,7/1/17
Venezuela,VEN,VEF,10950,2700,,7/1/17
Vietnam,VNM,VND,60000,22732.5,,7/1/17
Argentina,ARG,ARS,75,18.9375,12493.909,1/1/18
Australia,AUS,AUD,5.9,1.253682693,51737.228,1/1/18
Austria,AUT,EUR,3.4,0.816826629,44232.94,1/1/18
Belgium,BEL,EUR,4.1,0.816826629,41247.858,1/1/18
Brazil,BRA,BRL,16.5,3.2279,8726.901,1/1/18
Britain,GBR,GBP,3.19,0.72285673,40049.779,1/1/18
Canada,CAN,CAD,6.55,1.2459,42224.939,1/1/18
Chile,CHL,CLP,2600,605.935,13575.996,1/1/18
China,CHN,CNY,20.4,6.432,8123.256,1/1/18
Colombia,COL,COP,10900,2844.12,5792.182,1/1/18
Costa Rica,CRI,CRC,2290,568.53,,1/1/18
Czech Republic,CZE,CZK,79,20.747,18507.729,1/1/18
Denmark,DNK,DKK,30,6.0827,53744.643,1/1/18
Egypt,EGY,EGP,34.21,17.7,3684.574,1/1/18
Estonia,EST,EUR,3.15,0.816826629,17786.014,1/1/18
Euro area,EUZ,EUR,3.95,0.816826629,35189.71087,1/1/18
Finland,FIN,EUR,4.56,0.816826629,43482.406,1/1/18
France,FRA,EUR,4.2,0.816826629,38177.856,1/1/18
Germany,DEU,EUR,3.9,0.816826629,42176.854,1/1/18
Greece,GRC,EUR,3.35,0.816826629,18049.302,1/1/18
Hong Kong,HKG,HKD,20.5,7.819,43561.08,1/1/18
Hungary,HUN,HUF,864,252.14215,12652.454,1/1/18
India,IND,INR,180,63.86125,1741.652,1/1/18
Indonesia,IDN,IDR,32500,13359,3604.291,1/1/18
Ireland,IRL,EUR,4.07,0.816826629,64782.3,1/1/18
Israel,ISR,ILS,16.5,3.43635,37192.14,1/1/18
Italy,ITA,EUR,4.2,0.816826629,30507.181,1/1/18
Japan,JPN,JPY,380,110.725,38882.636,1/1/18
Malaysia,MYS,MYR,9,3.954,9374.099,1/1/18
Mexico,MEX,MXN,48,18.6635,8562.16,1/1/18
Netherlands,NLD,EUR,3.71,0.816826629,45657.568,1/1/18
New Zealand,NZL,NZD,6.2,1.374664925,38277.934,1/1/18
Norway,NOR,NOK,49,7.8501,70553.114,1/1/18
Pakistan,PAK,PKR,375,110.505,1440.967,1/1/18
Peru,PER,PEN,10.5,3.212,6203.656,1/1/18
Philippines,PHL,PHP,134,50.725,2926.6,1/1/18
Poland,POL,PLN,10.1,3.40575,12361.266,1/1/18
Portugal,PRT,EUR,3.2,0.816826629,19820.783,1/1/18
Russia,RUS,RUB,130,56.745,8945.644,1/1/18
Saudi Arabia,SAU,SAR,12,3.7503,20364.999,1/1/18
Singapore,SGP,SGD,5.8,1.32255,52960.558,1/1/18
South Africa,ZAF,ZAR,30,12.25815,5302.043,1/1/18
South Korea,KOR,KRW,4400,1069.25,27534.841,1/1/18
Spain,ESP,EUR,3.95,0.816826629,26565.15,1/1/18
Sri Lanka,LKA,LKR,580,153.8,,1/1/18
Sweden,SWE,SEK,49.1,8.0188,51124.76,1/1/18
Switzerland,CHE,CHF,6.5,0.96085,80345.623,1/1/18
Taiwan,TWN,TWD,69,29.553,22496.997,1/1/18
Thailand,THA,THB,119,31.95,5901.747,1/1/18
Turkey,TUR,TRY,10.75,3.8026,10817.406,1/1/18
UAE,ARE,AED,14,3.673,,1/1/18
Ukraine,UKR,UAH,47,28.715,,1/1/18
United States,USA,USD,5.28,1,57607.613,1/1/18
Uruguay,URY,UYU,140,28.58,,1/1/18
Venezuela,VEN,VEF,0,0,,1/1/18
Vietnam,VNM,VND,65000,22711.5,,1/1/18
United Arab Emirates,ARE,AED,14,3.67315,37225.745,7/1/18
Argentina,ARG,ARS,75,27.725,14466.552,7/1/18
Australia,AUS,AUD,6.05,1.339853956,55707.275,7/1/18
Austria,AUT,EUR,3.4,0.853205921,47289.997,7/1/18
Azerbaijan,AZE,AZN,3.95,1.70175,4140.65,7/1/18
Belgium,BEL,EUR,4.1,0.853205921,43582.165,7/1/18
Bahrain,BHR,BHD,1.2,0.37955,24028.728,7/1/18
Brazil,BRA,BRL,16.9,3.83835,9894.929,7/1/18
Canada,CAN,CAD,6.65,1.31235,45077.388,7/1/18
Switzerland,CHE,CHF,6.5,0.99325,80590.91,7/1/18
Chile,CHL,CLP,2640,651.73,15070.413,7/1/18
China,CHN,CNY,20.5,6.622,8643.107,7/1/18
Colombia,COL,COP,11900,2874.07,6272.818,7/1/18
Costa Rica,CRI,CRC,2290,567.8,11685.161,7/1/18
Czech Republic,CZE,CZK,75,22.06475,20152.408,7/1/18
Germany,DEU,EUR,4.12,0.853205921,44549.688,7/1/18
Denmark,DNK,DKK,30,6.3591,56444.103,7/1/18
Egypt,EGY,EGP,31.37,17.905,2500.772,7/1/18
Spain,ESP,EUR,4.1,0.853205921,28358.808,7/1/18
Estonia,EST,EUR,3.15,0.853205921,19840.135,7/1/18
Euro area,EUZ,EUR,4.04,0.853205921,37250.29028,7/1/18
Finland,FIN,EUR,4.62,0.853205921,46016.744,7/1/18
France,FRA,EUR,4.2,0.853205921,39869.075,7/1/18
Britain,GBR,GBP,3.19,0.753863551,39734.592,7/1/18
Greece,GRC,EUR,3.35,0.853205921,18637.27,7/1/18
Guatemala,GTM,GTQ,25,7.4871,4471.873,7/1/18
Hong Kong,HKG,HKD,20,7.84825,46109.124,7/1/18
Honduras,HND,HNL,85,23.9926,2765.881,7/1/18
Croatia,HRV,HRK,21,6.31275,13138.288,7/1/18
Hungary,HUN,HUF,850,276.4302,15531.209,7/1/18
Indonesia,IDN,IDR,31500,14360,3875.771,7/1/18
India,IND,INR,173,68.825,1982.702,7/1/18
Ireland,IRL,EUR,4.07,0.853205921,70638.259,7/1/18
Israel,ISR,ILS,17,3.6349,40258.361,7/1/18
Italy,ITA,EUR,4.2,0.853205921,31984.013,7/1/18
Jordan,JOR,JOD,1.95,0.71005,5677.617,7/1/18
Japan,JPN,JPY,390,111.25,38439.517,7/1/18
South Korea,KOR,KRW,4500,1116,29891.255,7/1/18
Kuwait,KWT,KWD,1.05,0.3025,27318.517,7/1/18
Lebanon,LBN,LBP,6500,1511,11408.834,7/1/18
Sri Lanka,LKA,LKR,580,159.27,4084.626,7/1/18
Lithuania,LTU,EUR,2.8,0.853205921,16730.226,7/1/18
Latvia,LVA,EUR,2.7,0.853205921,15547.236,7/1/18
Moldova,MDA,MDL,43,16.6526,2279.645,7/1/18
Mexico,MEX,MXN,49,19.0515,9304.174,7/1/18
Malaysia,MYS,MYR,8.45,4.0225,9812.8,7/1/18
Nicaragua,NIC,NIO,103,31.5872,2206.638,7/1/18
Netherlands,NLD,EUR,3.79,0.853205921,48345.726,7/1/18
Norway,NOR,NOK,42,8.0415,74940.62,7/1/18
New Zealand,NZL,NZD,6.2,1.464343242,41593.062,7/1/18
Oman,OMN,OMR,1.05,0.385,17972.922,7/1/18
Pakistan,PAK,PKR,375,121.49,1541.08,7/1/18
Peru,PER,PEN,10.5,3.2715,6762.192,7/1/18
Philippines,PHL,PHP,140,53.487,2976.307,7/1/18
Poland,POL,PLN,10.1,3.68695,13822.619,7/1/18
Portugal,PRT,EUR,3.25,0.853205921,21161.286,7/1/18
Qatar,QAT,QAR,12,3.641,60804.259,7/1/18
Romania,ROU,RON,9.2,3.97325,10757.004,7/1/18
Russia,RUS,RUB,130,62.14065,10608.159,7/1/18
Saudi Arabia,SAU,SAR,12,3.7504,21120.481,7/1/18
Singapore,SGP,SGD,5.8,1.35585,57713.335,7/1/18
Slovakia,SVK,EUR,3,0.853205921,17664.299,7/1/18
Slovenia,SVN,EUR,2.3,0.853205921,23654.409,7/1/18
Sweden,SWE,SEK,51,8.7526,53217.627,7/1/18
Thailand,THA,THB,119,33.17,6590.638,7/1/18
Turkey,TUR,TRY,10.75,4.70625,10511.996,7/1/18
Taiwan,TWN,TWD,69,30.3725,24576.665,7/1/18
Ukraine,UKR,UAH,50,26.199,2582.838,7/1/18
Uruguay,URY,UYU,140,31.31,16722.407,7/1/18
United States,USA,USD,5.51,1,59501.114,7/1/18
Vietnam,VNM,VND,65000,23039.5,2353.691,7/1/18
South Africa,ZAF,ZAR,31,13.3619,6179.87,7/1/18